epoch,train loss:stage0,val loss:stage0,epoch,train loss:stage1,val loss:stage1,epoch,train loss:stage2,val loss:stage2,epoch,train loss:stage3,val loss:stage3,epoch,train loss:stage4,val loss:stage4,epoch,train loss:stage5,val loss:stage5
1,0.3151087015867233,0.2793743260003425,1,0.338032134450399,0.29953517060022095,1,0.3655710822114578,0.3077643010261896,1,0.42874583487327284,0.3550869125772167,1,0.37365945944419277,0.3265017508654981,1,0.36977613316132474,0.3208524975422266
