stage name,mAP@50-95
stage0,0.0012315865606069565
stage1,0.06251297891139984
stage2,0.0600907988846302
stage3,0.019279005005955696
stage4,0.0249222069978714
stage5,0.027903897687792778
