epoch,train loss,val loss,epoch,train loss,val loss,epoch,train loss,val loss,epoch,train loss,val loss,epoch,train loss,val loss,epoch,train loss,val loss
1,0.4070017973964031,0.3843166493886226,1,0.36135267408994526,0.31120401983325546,1,0.355065066080827,0.3254051240714821,1,0.33679103679381883,0.29444147888067607,1,0.418240164908079,0.35663105789068583,1,0.407261423766613,0.3446185492180489
2,0.20799349936155173,0.21066112453873093,2,0.22393834762848341,0.2071630000262647,2,0.2032274311551681,0.18958271596882795,2,0.2021773669582147,0.19511624647153392,2,0.22317887269533598,0.2271112835890538,2,0.20521367226655668,0.18213355581502658
3,0.1691575743831121,0.1663212248602429,3,0.1729720584475077,0.16533007573437047,3,0.16893461088721567,0.16280324173134728,3,0.1597042212692591,0.19252636807190404,3,0.1828263264435988,0.18013897618731936,3,0.16813241518460786,0.1629648418039889
4,0.13277311049974883,0.12584035279783043,4,0.1551434240089013,0.1584491949226405,4,0.13706531146397957,0.12108029042546814,4,0.12522919218127543,0.11981371427709991,4,0.15719044609711721,0.15987223064577258,4,0.1628929886680383,0.15840551579320752
5,0.12446800648019864,0.12317994438313148,5,0.1342380906526859,0.13258237331300168,5,0.1286150818833938,0.1312808926041062,5,0.11027379419941169,0.0999601741094847,5,0.1332888207756556,0.13245777262223735,5,0.14407581721360868,0.15227091352681857
