epoch,train loss,val loss,mAP_50
1,0.33749988904366124,0.32374509927388784,tensor(0.0753)
2,0.21206659021285865,0.21328037775851585,tensor(0.0753)
