epoch,train loss,val loss,mAP_50
1,0.3796235236984033,0.34627339928536804,tensor(0.0754)
2,0.22084974956053954,0.21282673848641886,tensor(0.0754)
