epoch,train loss:stage0,val loss:stage0,epoch,train loss:stage1,val loss:stage1,epoch,train loss:stage2,val loss:stage2,epoch,train loss:stage3,val loss:stage3,epoch,train loss:stage4,val loss:stage4,epoch,train loss:stage5,val loss:stage5
1,0.33713296285042393,0.329280193593051,1,0.35100020410922855,0.3186607900503519,1,0.43620773347524494,0.3768328677963566,1,0.3434664228787789,0.3088383501445925,1,0.4530516570577255,0.40786941107865926,1,0.37026824114414364,0.35166798209821853
2,0.2331878961278842,0.22024036943912506,2,0.2238087866168756,0.24240195549823143,2,0.22634858752672488,0.20368427722840696,2,0.20636997028039053,0.20762889449660843,2,0.22163632626716906,0.20627929834095207,2,0.21851389625897774,0.2093680935937005
3,0.18975970320976698,0.18645709954403542,3,0.18439490233476347,0.18354867640379313,3,0.16941378494867912,0.1751255219852602,3,0.17174034737623656,0.17405919650116483,3,0.1719934527690594,0.16494786054701419,3,0.17814142830096757,0.1664660903247627
4,0.14623451977968216,0.15415381257598465,4,0.1545780963049485,0.18780862701100273,4,0.1544857228604647,0.15030005795730128,4,0.146927983714984,0.1489214683706696,4,0.15650955100472158,0.14574492219332102,4,0.14709345394602188,0.1486748418695218
5,0.13269923254847527,0.13267967487509186,5,0.12163695263174865,0.12546531835923325,5,0.13127922696562913,0.12266557180398219,5,0.1254333435342862,0.12871818566644513,5,0.13944124802947044,0.13908851770935832,5,0.13226682434861475,0.12734256201499217
